SALE TYPE,SOLD DATE,PROPERTY TYPE,ADDRESS,CITY,STATE,ZIP,PRICE,BEDS,BATHS,LOCATION,SQUARE FEET,LOT SIZE,YEAR BUILT,DAYS ON MARKET,$/SQUARE FEET,HOA/MONTH,STATUS,NEXT OPEN HOUSE START TIME,NEXT OPEN HOUSE END TIME,URL (SEE http://www.redfin.com/buy-a-home/comparative-market-analysis FOR INFO ON PRICING),SOURCE,MLS#,FAVORITE,INTERESTED,LATITUDE,LONGITUDE
MLS Listing,,Single Family Residential,1428 NW Highland,Corvallis,OR,97330,285000,3,2.0,Gather coal,1300,8712,1954,1,219,,Active,,,http://www.redfin.com/OR/Corvallis/1428-NW-Highland-Dr-97330/home/25916482,WVMLS,731945,N,Y,44.5803377,-123.2628177
MLS Listing,,Single Family Residential,925 NW Buchanan,Corvallis,OR,97330-6040,319000,3,2.0,Corvallis,1602,9148,1954,2,199,,Active,,,http://www.redfin.com/OR/Corvallis/925-NW-Buchanan-Ave-97330/home/25929393,WVMLS,730804,N,Y,44.5758808,-123.263038
MLS Listing,,Single Family Residential,1230 NW Garfield,Corvallis,OR,97330-2056,365000,4,2.0,Gathercoal,2344,10019,1957,3,156,,Active,,,http://www.redfin.com/OR/Corvallis/1230-NW-Garfield-Ave-97330/home/25894251,WVMLS,730658,N,Y,44.5828587,-123.266161
MLS Listing,,Single Family Residential,1650 NW Highland,Corvallis,OR,97330-2020,315000,3,2.0,Gathercoal 2nd,1301,8276,1963,11,242,,Active,,,http://www.redfin.com/OR/Corvallis/1650-NW-Highland-Dr-97330/home/25901884,WVMLS,730935,N,Y,44.5844142,-123.2628351
MLS Listing,,Single Family Residential,217 NE Rennie,Corvallis,OR,97330,175000,2,1.0,Corvallis,1032,4792,1950,872,170,,Active,,,http://www.redfin.com/OR/Corvallis/217-NE-Rennie-Pl-97330/home/25727550,WVMLS,698079,N,Y,44.5739961,-123.2544288
PAST SALE,November-17-2017,Single Family Residential,1209 NW 19th,Corvallis,OR,97330-2625,308350,2,1.0,Tinkham Tracks Annex,1040,9148,1950,149,296,,Sold,,,http://www.redfin.com/OR/Corvallis/1209-NW-19th-St-97330/home/25917438,WVMLS,724324,N,Y,44.5775239,-123.2728753
PAST SALE,September-4-2017,Single Family Residential,1650 NW 13th,Corvallis,OR,97330,336000,5,2.0,Corvallis,1518,10019,1962,223,221,,Sold,,,http://www.redfin.com/OR/Corvallis/1650-NW-13th-St-97330/home/25893935,WVMLS,721887,N,Y,44.5847367,-123.2673977
PAST SALE,June-14-2017,Single Family Residential,1838 NW Grant,Corvallis,OR,97330,271000,3,2.0,Corvallis,1400,4356,1978,305,194,,Sold,,,http://www.redfin.com/OR/Corvallis/1838-NW-Grant-Cir-97330/home/25914538,WVMLS,716216,N,Y,44.579902,-123.272858
PAST SALE,,Single Family Residential,1375 NW Dream Pl,Corvallis,OR,97330,100000,6,2.0,,3640,6970,2012,,27,,,,,http://www.redfin.com/OR/Corvallis/1375-NW-Dream-Pl-97330/home/25913413,,,N,Y,44.578787,-123.273736
PAST SALE,February-16-2018,Single Family Residential,2332 NW Dixon,Corvallis,OR,97330,231250,3,2.0,Carter Rawie 2nd,1474,9148,1962,58,157,,Sold,,,http://www.redfin.com/OR/Corvallis/2332-NW-Dixon-St-97330/home/25894111,WVMLS,728658,N,Y,44.5915721,-123.2662459
PAST SALE,September-29-2017,Single Family Residential,815 NE Lawndale,Corvallis,OR,97330,270000,3,2.0,Corvallis,1280,13068,1967,198,211,,Sold,,,http://www.redfin.com/OR/Corvallis/815-NW-Lawndale-Pl-97330/home/25930445,WVMLS,723651,N,Y,44.5900903,-123.2486044
PAST SALE,December-5-2017,Single Family Residential,646 NW 19th,Corvallis,OR,97330,187000,3,1.0,Corvallis,1653,5227,1906,131,113,,Sold,,,http://www.redfin.com/OR/Corvallis/646-NW-19th-St-97330/home/25894897,WVMLS,723811,N,Y,44.5740216,-123.2743117
PAST SALE,,Single Family Residential,1820 NW Menlo Dr,Corvallis,OR,97330,251000,3,1.0,,1044,9148,1961,,240,,,,,http://www.redfin.com/OR/Corvallis/1820-NW-Menlo-Dr-97330/home/25929601,,,N,Y,44.5869169,-123.2706098
PAST SALE,October-2-2017,Single Family Residential,2410 NW 13th,Corvallis,OR,97330,350000,3,2.0,Carter Rawie 2nd,1320,9148,1964,195,265,,Sold,,,http://www.redfin.com/OR/Corvallis/2410-NW-13th-St-97330/home/25901692,WVMLS,723786,N,Y,44.5924352,-123.2674662
PAST SALE,May-31-2016,Single Family Residential,410 NW 11th,Corvallis,OR,97330,330000,3,3.0,Hoffmans,2546,5663,1923,684,130,,Sold,,,http://www.redfin.com/OR/Corvallis/410-NW-11th-St-97330/home/25923903,WVMLS,701588,N,Y,44.5697919,-123.2679888
PAST SALE,October-7-2016,Single Family Residential,2035 NW Arthur,Corvallis,OR,97330,200000,2,1.0,Corvallis,1088,3049,1978,555,184,,Sold,,,http://www.redfin.com/OR/Corvallis/2035-NW-Arthur-Pl-97330/home/25921954,WVMLS,711361,N,Y,44.58397,-123.274498
PAST SALE,December-31-2015,Single Family Residential,440 NW 7th,Corvallis,OR,97330,295000,3,2.0,Corvallis,1440,5227,1948,836,205,,Sold,,,http://www.redfin.com/OR/Corvallis/440-NW-7th-St-97330/home/25921458,WVMLS,695611,N,Y,44.5692036,-123.2634998
PAST SALE,,Single Family Residential,336 NW 11th St,Corvallis,OR,97330,250000,3,1.0,,944,5227,1927,,265,,,,,http://www.redfin.com/OR/Corvallis/336-NW-11th-St-97330/home/25920634,,,N,Y,44.5692117,-123.2682794
PAST SALE,April-16-2015,Single Family Residential,1787 NW Grant,Corvallis,OR,97330,199500,2,1.0,Middleboro,1349,4792,1992,1095,148,,Sold,,,http://www.redfin.com/OR/Corvallis/1787-NW-Grant-Cir-97330/home/25918442,WVMLS,686907,N,Y,44.580657,-123.272677
PAST SALE,April-12-2018,Single Family Residential,335 NW 16th,Corvallis,OR,97330,345000,5,2.0,Wilkins,1455,5227,1926,3,237,,Sold,,,http://www.redfin.com/OR/Corvallis/335-NW-16th-St-97330/home/25903371,WVMLS,729630,N,Y,44.5703419,-123.2726602
PAST SALE,,Single Family Residential,991 NW Ironwood Ave,Corvallis,OR,97330,244025,3,1.0,,960,7841,1976,,254,,,,,http://www.redfin.com/OR/Corvallis/991-NW-Ironwood-Ave-97330/home/25924684,,,N,Y,44.5926231,-123.2609764
PAST SALE,March-2-2018,Single Family Residential,1130 NW 16th,Corvallis,OR,97330-2609,394000,3,2.0,Sprenger Tracts,1435,8276,1948,44,275,,Sold,,,http://www.redfin.com/OR/Corvallis/1130-NW-16th-St-97330/home/25902899,WVMLS,729377,N,Y,44.57678,-123.2702153
PAST SALE,September-29-2016,Single Family Residential,1745 NW Menlo,Corvallis,OR,97330,290000,3,2.0,Northgate Estates 3rd,1433,9148,1959,563,202,,Sold,,,http://www.redfin.com/OR/Corvallis/1745-NW-Menlo-Dr-97330/home/25894334,WVMLS,709585,N,Y,44.585384,-123.2700476
PAST SALE,August-9-2016,Single Family Residential,1915 NW Arthur,Corvallis,OR,97330,332000,4,3.0,Harman 3rd Addition,1752,12197,1964,614,189,,Sold,,,http://www.redfin.com/OR/Corvallis/1915-NW-Arthur-Ave-97330/home/25932344,WVMLS,706081,N,Y,44.5843971,-123.273793
PAST SALE,November-23-2016,Single Family Residential,1152 NW 10th,Corvallis,OR,97330,225000,2,1.0,Corvallis,1010,7841,1946,508,223,,Sold,,,http://www.redfin.com/OR/Corvallis/1152-NW-10th-St-97330/home/25897575,WVMLS,710840,N,Y,44.576951,-123.263185
PAST SALE,August-4-2016,Single Family Residential,2325 NW 13th,Corvallis,OR,97330-1431,240000,3,1.0,Carter Rawie Addn 2,1124,8712,1966,619,214,,Sold,,,http://www.redfin.com/OR/Corvallis/2325-NW-13th-St-97330/home/25896593,WVMLS,708303,N,Y,44.5913377,-123.2668681
PAST SALE,May-15-2015,Single Family Residential,1496 NW 20th,Corvallis,OR,97330,269950,3,3.0,Corvallis,1689,5227,1995,1066,160,,Sold,,,http://www.redfin.com/OR/Corvallis/1496-NW-20th-St-97330/home/25917552,WVMLS,687733,N,Y,44.58143,-123.274342
PAST SALE,August-21-2015,Single Family Residential,2125 NE 13th,Corvallis,OR,97330,229500,3,2.0,Corvallis,1047,7841,1963,968,219,,Sold,,,http://www.redfin.com/OR/Corvallis/2125-NW-13th-St-97330/home/25928804,WVMLS,695248,N,Y,44.5893576,-123.2668661
PAST SALE,August-16-2017,Single Family Residential,1807 NW Grant,Corvallis,OR,97330,280000,3,2.0,Middleboro,1276,8712,1983,242,219,,Sold,,,http://www.redfin.com/OR/Corvallis/1807-NW-Grant-Cir-97330/home/25729860,WVMLS,721398,N,Y,44.580551,-123.27334
PAST SALE,July-3-2017,Single Family Residential,1134 NW 18th,Corvallis,OR,97330-2620,333300,2,1.0,Taylor,1182,8276,1951,286,282,,Sold,,,http://www.redfin.com/OR/Corvallis/1134-NW-18th-St-97330/home/25915005,WVMLS,718786,N,Y,44.5769389,-123.272318
PAST SALE,July-6-2017,Single Family Residential,1756 NW Grant,Corvallis,OR,97330,250000,3,2.0,Corvallis,1382,3049,1982,283,181,,Sold,,,http://www.redfin.com/OR/Corvallis/1756-NW-Grant-Cir-97330/home/25917488,WVMLS,718064,N,Y,44.580197,-123.271502
PAST SALE,March-16-2017,Single Family Residential,2230 NW 12th,Corvallis,OR,97330,280000,3,1.0,Corvallis,1047,10454,1960,395,267,,Sold,,,http://www.redfin.com/OR/Corvallis/2230-NW-12th-St-97330/home/25927013,WVMLS,714361,N,Y,44.5905255,-123.2650305
PAST SALE,December-9-2015,Single Family Residential,2320 NW Highland,Corvallis,OR,97330,247000,3,1.0,Corvallis,1012,9583,1959,858,244,,Sold,,,http://www.redfin.com/OR/Corvallis/2320-NW-Highland-Dr-97330/home/25781779,WVMLS,696345,N,Y,44.5914834,-123.2628492
PAST SALE,,Single Family Residential,1230 NW Lincoln Ave,Corvallis,OR,97330,303800,4,2.0,,1601,7841,1959,,190,,,,,http://www.redfin.com/OR/Corvallis/1230-NW-Lincoln-Ave-97330/home/25930359,,,N,Y,44.577269,-123.265362
PAST SALE,,Single Family Residential,1495 NW Forestgreen Ave,Corvallis,OR,97330,264000,3,1.5,,1180,9583,1972,,224,,,,,http://www.redfin.com/OR/Corvallis/1495-NW-Forestgreen-Ave-97330/home/25931243,,,N,Y,44.5901901,-123.2690111
PAST SALE,December-12-2017,Single Family Residential,2396 NW Green,Corvallis,OR,97330,230000,3,1.0,Timberhill SE 1st Addn,1064,4356,1976,124,216,,Sold,,,http://www.redfin.com/OR/Corvallis/2396-NW-Green-Cir-97330/home/25918826,WVMLS,723768,N,Y,44.592297,-123.270295
PAST SALE,September-15-2016,Single Family Residential,1409 NW Green,Corvallis,OR,97330,320000,3,2.0,Corvallis,1487,12197,1972,577,215,,Sold,,,http://www.redfin.com/OR/Corvallis/1409-NW-Green-Pl-97330/home/25925387,WVMLS,710022,N,Y,44.5916029,-123.2680933
PAST SALE,,Single Family Residential,971 NW Sycamore Ave,Corvallis,OR,97330,295000,4,2.5,,1642,17860,1928,,180,,,,,http://www.redfin.com/OR/Corvallis/971-NW-Sycamore-Ave-97330/home/25902252,,,N,Y,44.5902068,-123.2603322
PAST SALE,November-2-2017,Single Family Residential,1758 NW Garryanna,Corvallis,OR,97330-2004,270000,3,1.0,North Gates Estates 2nd,912,9148,1959,164,296,,Sold,,,http://www.redfin.com/OR/Corvallis/1758-NW-Garryanna-St-97330/home/25929625,WVMLS,724404,N,Y,44.5860813,-123.2695833
PAST SALE,December-3-2015,Single Family Residential,1845 NW Menlo,Corvallis,OR,97330,257500,3,2.0,Venell Harman 3rd,936,11761,1961,864,275,,Sold,,,http://www.redfin.com/OR/Corvallis/1845-NW-Menlo-Dr-97330/home/25916422,WVMLS,696709,N,Y,44.5873078,-123.2702807
PAST SALE,,Single Family Residential,2406 NW Green Cir,Corvallis,OR,97330,188000,2,1.0,,1074,5227,1976,,175,,,,,http://www.redfin.com/OR/Corvallis/2406-NW-Green-Cir-97330/home/25933323,,,N,Y,44.592448,-123.270257
PAST SALE,December-15-2015,Single Family Residential,972 NW Cypress,Corvallis,OR,97330-1527,240000,3,1.0,Highland Manor,1058,9783,1968,852,227,,Sold,,,http://www.redfin.com/OR/Corvallis/972-NW-Cypress-Ave-97330/home/25924914,WVMLS,698431,N,Y,44.5915812,-123.2594681
PAST SALE,July-31-2017,Single Family Residential,2205 NW 13th,Corvallis,OR,97330-1429,312000,3,2.0,Carter Rawie 2nd,1401,10019,1966,258,223,,Sold,,,http://www.redfin.com/OR/Corvallis/2205-NW-13th-St-97330/home/25915065,WVMLS,719677,N,Y,44.5897528,-123.2668934
PAST SALE,May-19-2017,Single Family Residential,1429 NW Green,Corvallis,OR,97330,241500,3,1.0,Corvallis,1086,4792,1975,331,222,,Sold,,,http://www.redfin.com/OR/Corvallis/1429-NW-Green-Pl-97330/home/25919260,WVMLS,716419,N,Y,44.5915589,-123.26835
PAST SALE,,Single Family Residential,2234 NW Dixon St,Corvallis,OR,97330,234900,3,1.0,,1008,9583,1965,,233,,,,,http://www.redfin.com/OR/Corvallis/2234-NW-Dixon-St-97330/home/25916045,,,N,Y,44.5904903,-123.2662473
PAST SALE,October-11-2016,Single Family Residential,2210 NW 14th,Corvallis,OR,97330,240000,3,2.0,Harman 4th,1308,8712,1966,551,183,,Sold,,,http://www.redfin.com/OR/Corvallis/2210-NW-14th-St-97330/home/25901661,WVMLS,709720,N,Y,44.5895429,-123.2686307
PAST SALE,May-7-2015,Single Family Residential,979 NW Sequoia,Corvallis,OR,97330,246000,3,2.0,Highland Manor,1216,8712,1972,1074,202,,Sold,,,http://www.redfin.com/OR/Corvallis/979-NW-Sequoia-Ave-97330/home/25902769,WVMLS,687955,N,Y,44.5911869,-123.2604253
PAST SALE,August-29-2016,Single Family Residential,1805 NW Arthur,Corvallis,OR,97330,289500,4,2.0,Harman 3rd,1876,11761,1964,594,154,,Sold,,,http://www.redfin.com/OR/Corvallis/1805-NW-Arthur-Cir-97330/home/25894761,WVMLS,707347,N,Y,44.5848728,-123.2737626
PAST SALE,February-24-2017,Single Family Residential,1645 NW Highland,Corvallis,OR,97330-2019,186000,2,1.0,Corvallis,1148,12632,1957,415,162,,Sold,,,http://www.redfin.com/OR/Corvallis/1645-NW-Highland-Dr-97330/home/25894410,WVMLS,713625,N,Y,44.5841425,-123.2622156
PAST SALE,March-3-2017,Single Family Residential,1336 NW 19th,Corvallis,OR,97330,282000,3,1.0,Tinkham,1084,8276,1952,408,260,,Sold,,,http://www.redfin.com/OR/Corvallis/1336-NW-19th-St-97330/home/25914723,WVMLS,713751,N,Y,44.5788427,-123.2734137
PAST SALE,,Single Family Residential,1737 NW Beca Ave,Corvallis,OR,97330,352100,3,1.0,,1623,10890,1948,,217,,,,,http://www.redfin.com/OR/Corvallis/1737-NW-Beca-Ave-97330/home/25917453,,,N,Y,44.5783456,-123.2718491
PAST SALE,August-7-2015,Single Family Residential,1119 NW 18th,Corvallis,OR,97330,323000,4,2.0,Corvallis,2372,8276,1953,982,136,,Sold,,,http://www.redfin.com/OR/Corvallis/1119-NW-18th-St-97330/home/25899462,WVMLS,690329,N,Y,44.5766764,-123.271763
PAST SALE,July-15-2016,Single Family Residential,1762 NW Harrison,Corvallis,OR,97330-5739,323000,,2.0,Corvallis,2057,2614,1930,639,157,,Sold,,,http://www.redfin.com/OR/Corvallis/1762-NW-Harrison-Blvd-97330/home/25902654,WVMLS,704903,N,Y,44.5709418,-123.2743378
PAST SALE,October-16-2015,Single Family Residential,956 NW Ironwood,Corvallis,OR,97330,243000,2,2.0,Corvallis,1300,8800,1977,912,187,,Sold,,,http://www.redfin.com/OR/Corvallis/956-NW-Ironwood-Ave-97330/home/25917460,WVMLS,694206,N,Y,44.5923104,-123.2586016
PAST SALE,December-9-2015,Single Family Residential,2420 NW Highland,Corvallis,OR,97330,225000,3,1.0,Carter-Rawie,1560,11326,1959,858,144,,Sold,,,http://www.redfin.com/OR/Corvallis/2420-NW-Highland-Dr-97330/home/25925143,WVMLS,695819,N,Y,44.5926899,-123.2628129
PAST SALE,March-23-2016,Single Family Residential,670 NW Linden Ave,Corvallis,OR,97330,205000,3,3.5,Benton County,1258,11761,1976,753,163,,Sold,,,http://www.redfin.com/OR/Corvallis/670-NW-Linden-Ave-97330/home/25932582,RMLS,16453163,N,Y,44.5919897,-123.2564972
PAST SALE,May-18-2016,Single Family Residential,1607 NW Beca,Corvallis,OR,97330-2633,227000,3,2.0,Tinkham Tracts,1564,10454,1951,697,145,,Sold,,,http://www.redfin.com/OR/Corvallis/1607-NW-Beca-Ave-97330/home/25901655,WVMLS,703420,N,Y,44.5783765,-123.2702763
PAST SALE,July-31-2017,Single Family Residential,1835 NW Buchanan,Corvallis,OR,97330-5756,295000,3,2.0,Corvallis,1692,11326,1957,258,174,,Sold,,,http://www.redfin.com/OR/Corvallis/1835-NW-Buchanan-Ave-97330/home/25919884,WVMLS,720437,N,Y,44.5762942,-123.2728039
PAST SALE,December-3-2015,Single Family Residential,993 NW Ironwood,Corvallis,OR,97330,260000,3,2.0,Ironwood,1238,7841,1976,864,210,,Sold,,,http://www.redfin.com/OR/Corvallis/993-NW-Ironwood-Ave-97330/home/25931322,WVMLS,696805,N,Y,44.5926153,-123.2612462
PAST SALE,,Single Family Residential,971 NW Circle Blvd Unit 101-10,Corvallis,OR,97330,240000,2,1.0,,9121,13939,2015,,26,,,,,http://www.redfin.com/OR/Corvallis/971-NW-Circle-Blvd-97330/unit-101-10/home/25894464,,,N,Y,44.5888797,-123.2600646
PAST SALE,June-23-2016,Single Family Residential,1415 NW 14th,Corvallis,OR,97330,358200,4,2.0,Corvallis,1638,9583,1965,661,219,,Sold,,,http://www.redfin.com/OR/Corvallis/1415-NW-14th-St-97330/home/25922163,WVMLS,706221,N,Y,44.580081,-123.267652
PAST SALE,September-8-2016,Single Family Residential,2430 NW 13th,Corvallis,OR,97330-1434,275000,3,1.0,Corvallis,1173,9148,1966,584,234,,Sold,,,http://www.redfin.com/OR/Corvallis/2430-NW-13th-St-97330/home/25916019,WVMLS,709827,N,Y,44.5929192,-123.2674697
PAST SALE,August-9-2016,Single Family Residential,2042 NW Arthur,Corvallis,OR,97330-1947,228700,3,2.0,Nut Tree Village,1338,4356,1978,614,171,,Sold,,,http://www.redfin.com/OR/Corvallis/2042-NW-Arthur-Pl-97330/home/25927087,WVMLS,705055,N,Y,44.583856,-123.275182
PAST SALE,March-7-2018,Single Family Residential,1580 NW 17th,Corvallis,OR,97330,380000,3,2.0,Harman 5th,1610,9583,1967,39,236,,Sold,,,http://www.redfin.com/OR/Corvallis/1580-NW-17th-St-97330/home/25917564,WVMLS,728026,N,Y,44.5828088,-123.2716733
PAST SALE,August-28-2017,Single Family Residential,1625 NW 13th,Corvallis,OR,97330,330000,3,2.0,Corvallis,1540,11326,1960,230,214,,Sold,,,http://www.redfin.com/OR/Corvallis/1625-NW-13th-St-97330/home/25933400,WVMLS,721164,N,Y,44.5838894,-123.266777
PAST SALE,May-16-2016,Single Family Residential,710 NW 11th,Corvallis,OR,97330-6015,265500,2,1.0,JOBS,970,5227,1947,699,274,,Sold,,,http://www.redfin.com/OR/Corvallis/710-NW-11th-St-97330/home/25922651,WVMLS,700638,N,Y,44.5725279,-123.2666695
PAST SALE,August-7-2015,Single Family Residential,327 NW 16th,Corvallis,OR,97330,241000,3,1.0,Wilkins,1200,5227,1918,982,201,,Sold,,,http://www.redfin.com/OR/Corvallis/327-NW-16th-St-97330/home/25925009,WVMLS,693560,N,Y,44.570172,-123.272468
PAST SALE,March-7-2018,Single Family Residential,2206 NW 11th St,Corvallis,OR,97330,275000,3,1.0,Benton County,1464,9583,1959,39,188,,Sold,,,http://www.redfin.com/OR/Corvallis/2206-NW-11th-St-97330/home/25894130,RMLS,17498030,N,Y,44.589839,-123.2639191
PAST SALE,November-16-2017,Single Family Residential,1755 NW Arthur,Corvallis,OR,97330,375000,4,2.0,Harmon 3rd,1858,17860,1964,150,202,,Sold,,,http://www.redfin.com/OR/Corvallis/1755-NW-Arthur-Cir-97330/home/25902569,WVMLS,725190,N,Y,44.5860019,-123.2737708
PAST SALE,November-2-2017,Single Family Residential,534 NW 18th,Corvallis,OR,97330,310000,3,2.0,Jobs Addition,1172,4792,1945,164,265,,Sold,,,http://www.redfin.com/OR/Corvallis/534-NW-18th-St-97330/home/25916310,WVMLS,724441,N,Y,44.5726387,-123.2739696
PAST SALE,May-6-2016,Single Family Residential,1500 NW 11th,Corvallis,OR,97330-4623,250000,3,1.0,Gathercoal Addition,1363,8276,1955,709,183,,Sold,,,http://www.redfin.com/OR/Corvallis/1500-NW-11th-St-97330/home/25925011,WVMLS,703076,N,Y,44.5811732,-123.2638443
PAST SALE,,Single Family Residential,1412 NW Green Pl,Corvallis,OR,97330,250000,2,2.0,,1166,5663,1975,,214,,,,,http://www.redfin.com/OR/Corvallis/1412-NW-Green-Pl-97330/home/25901620,,,N,Y,44.5911916,-123.2681148
PAST SALE,September-15-2017,Single Family Residential,528 NW 12th,Corvallis,OR,97330,220000,3,1.0,Corvallis,1380,4792,1920,212,159,,Sold,,,http://www.redfin.com/OR/Corvallis/528-NW-12th-St-97330/home/25921415,WVMLS,724365,N,Y,44.5712807,-123.268347
PAST SALE,July-1-2016,Single Family Residential,420 NW 10th,Corvallis,OR,97330-6108,247000,3,1.0,Corvallis,1243,5663,1922,653,199,,Sold,,,http://www.redfin.com/OR/Corvallis/420-NW-10th-St-97330/home/25926296,WVMLS,700373,N,Y,44.5696994,-123.2670081
PAST SALE,April-22-2016,Single Family Residential,983 NW Cypress,Corvallis,OR,97330,225500,3,1.0,Highland Manor,1008,8712,1969,723,224,,Sold,,,http://www.redfin.com/OR/Corvallis/983-NW-Cypress-Ave-97330/home/25922342,WVMLS,702142,N,Y,44.5919208,-123.2604059
PAST SALE,May-27-2016,Single Family Residential,1610 NW Arthur,Corvallis,OR,97330,266000,3,1.0,Harman 3rd,1058,8276,1963,688,251,,Sold,,,http://www.redfin.com/OR/Corvallis/1610-NW-Arthur-Cir-97330/home/25726931,WVMLS,702738,N,Y,44.5846099,-123.2727153
PAST SALE,April-27-2017,Single Family Residential,1597 NW Terracegreen,Corvallis,OR,97330-1347,295000,3,2.0,Timberhill SE 1st,1456,8276,1975,353,203,,Sold,,,http://www.redfin.com/OR/Corvallis/1597-NW-Terracegreen-Pl-97330/home/25727912,WVMLS,713791,N,Y,44.5908492,-123.2710689
PAST SALE,June-1-2015,Single Family Residential,1475 NW 14th,Corvallis,OR,97330,250000,3,2.0,North Gate Est 4th,1164,8712,1961,1049,215,,Sold,,,http://www.redfin.com/OR/Corvallis/1475-NW-14th-St-97330/home/25728927,WVMLS,689491,N,Y,44.5813057,-123.2678766
PAST SALE,,Single Family Residential,1710 NW Polk Ave,Corvallis,OR,97330,145000,2,1.0,,730,3920,2016,,199,,,,,http://www.redfin.com/OR/Corvallis/1710-NW-Polk-Ave-97330/home/25729768,,,N,Y,44.5727196,-123.2730763
PAST SALE,June-22-2017,Single Family Residential,413 NW 18th,Corvallis,OR,97330,344500,3,2.0,Wilkins,1220,4792,1930,297,282,,Sold,,,http://www.redfin.com/OR/Corvallis/413-NW-18th-St-97330/home/25729899,WVMLS,717956,N,Y,44.5713891,-123.274083
PAST SALE,May-6-2016,Single Family Residential,1415 NW Greeley,Corvallis,OR,97330,291325,3,2.0,North Gate Estates,1526,11761,1964,709,191,,Sold,,,http://www.redfin.com/OR/Corvallis/1415-NW-Greeley-Ave-97330/home/25914773,WVMLS,702786,N,Y,44.5808953,-123.2688814
PAST SALE,August-3-2015,Single Family Residential,924 NW Grant,Corvallis,OR,97330,246500,3,2.0,Drapers T & C territory,1187,5663,1956,986,208,,Sold,,,http://www.redfin.com/OR/Corvallis/924-NW-Grant-Ave-97330/home/25902205,WVMLS,690371,N,Y,44.5794174,-123.261681
PAST SALE,March-24-2016,Single Family Residential,2265 NW Highland,Corvallis,OR,97330,258265,3,2.0,Highland Manor,1346,9583,1964,752,192,,Sold,,,http://www.redfin.com/OR/Corvallis/2265-NW-Highland-Dr-97330/home/25818104,WVMLS,702093,N,Y,44.5906925,-123.2623026
PAST SALE,May-6-2015,Single Family Residential,961 NW Ironwood,Corvallis,OR,97330,237500,3,2.0,Ironwood,1292,7841,1977,1075,184,,Sold,,,http://www.redfin.com/OR/Corvallis/961-NW-Ironwood-Ave-97330/home/25899567,WVMLS,687673,N,Y,44.59273,-123.2588012
PAST SALE,May-15-2015,Single Family Residential,2320 NW 13th,Corvallis,OR,97330,270000,3,2.0,Corvallis,1440,8712,1964,1066,188,,Sold,,,http://www.redfin.com/OR/Corvallis/2320-NW-13th-St-97330/home/25899987,WVMLS,688344,N,Y,44.5913221,-123.2674089
PAST SALE,September-26-2016,Single Family Residential,1106 NW 9th,Corvallis,OR,97330-4506,354900,3,2.0,Corvallis,2300,13939,1939,566,154,,Sold,,,http://www.redfin.com/OR/Corvallis/1106-NW-9th-St-97330/home/25855582,WVMLS,707371,N,Y,44.5759226,-123.2623562
PAST SALE,July-28-2017,Single Family Residential,736 NW 4th,Corvallis,OR,97330,245000,3,1.0,Corvallis,1332,3920,1926,261,184,,Sold,,,http://www.redfin.com/OR/Corvallis/736-NW-4th-St-97330/home/25893850,WVMLS,718490,N,Y,44.571243,-123.2588821
PAST SALE,March-17-2016,Single Family Residential,1516 NW 12th,Corvallis,OR,97330-4632,357100,3,2.0,Gathercoal,2008,10019,1956,759,178,,Sold,,,http://www.redfin.com/OR/Corvallis/1516-NW-12th-St-97330/home/25894098,WVMLS,698988,N,Y,44.5815049,-123.2650512
PAST SALE,,Single Family Residential,2313 NW Dixon St,Corvallis,OR,97330,206000,3,1.5,,1381,11326,1965,,149,,,,,http://www.redfin.com/OR/Corvallis/2313-NW-Dixon-St-97330/home/25894121,,,N,Y,44.5911795,-123.2657482
PAST SALE,June-5-2015,Single Family Residential,1725 NW Garfield,Corvallis,OR,97330,345000,4,2.0,Harman 3rd,2092,10019,1964,1045,165,,Sold,,,http://www.redfin.com/OR/Corvallis/1725-NW-Garfield-Ave-97330/home/25894174,WVMLS,686560,N,Y,44.5832083,-123.2720572
PAST SALE,March-15-2016,Single Family Residential,1830 NW Larch,Corvallis,OR,97330,244900,3,2.0,Harman 6th,1173,8276,1966,761,209,,Sold,,,http://www.redfin.com/OR/Corvallis/1830-NW-Larch-Ave-97330/home/25894170,WVMLS,698873,N,Y,44.5887823,-123.2735492
PAST SALE,November-3-2015,Single Family Residential,1545 NW 13th,Corvallis,OR,97330,400000,4,3.0,Gathercoal,2453,8712,1969,894,163,,Sold,,,http://www.redfin.com/OR/Corvallis/1545-NW-13th-St-97330/home/25894258,WVMLS,694799,N,Y,44.5823652,-123.2667413
PAST SALE,,Single Family Residential,1450 NW 15th St,Corvallis,OR,97330,180000,3,1.5,,1512,10019,1965,,119,,,,,http://www.redfin.com/OR/Corvallis/1450-NW-15th-St-97330/home/25894301,,,N,Y,44.5813391,-123.2702367
PAST SALE,,Single Family Residential,1444 NW 15th St,Corvallis,OR,97330,200000,3,1.5,,1440,9148,1963,,139,,,,,http://www.redfin.com/OR/Corvallis/1444-NW-15th-St-97330/home/25894303,,,N,Y,44.5812108,-123.2701374
PAST SALE,,Single Family Residential,1424 NW 15th St,Corvallis,OR,97330,165000,3,2.0,,1724,10890,1967,,96,,,,,http://www.redfin.com/OR/Corvallis/1424-NW-15th-St-97330/home/25894307,,,N,Y,44.5805692,-123.2695058
PAST SALE,,Single Family Residential,1740 NW Menlo Dr,Corvallis,OR,97330,240100,3,1.5,,1364,9583,1959,,176,,,,,http://www.redfin.com/OR/Corvallis/1740-NW-Menlo-Dr-97330/home/25894339,,,N,Y,44.5854187,-123.2706198
PAST SALE,August-20-2015,Single Family Residential,964 NW Sequoia,Corvallis,OR,97330,250000,3,2.0,Highland Manor,1540,9148,1967,969,162,,Sold,,,http://www.redfin.com/OR/Corvallis/964-NW-Sequoia-Ave-97330/home/25894424,WVMLS,692720,N,Y,44.5907941,-123.2587875
PAST SALE,July-27-2015,Single Family Residential,726 NW 17th,Corvallis,OR,97330,189000,2,1.0,JOBS,912,4792,1900,993,207,,Sold,,,http://www.redfin.com/OR/Corvallis/726-NW-17th-St-97330/home/25894590,WVMLS,688792,N,Y,44.5741853,-123.2722115
PAST SALE,,Single Family Residential,746 NW 15th St,Corvallis,OR,97330,312000,2,1.5,,1047,7841,1895,,298,,,,,http://www.redfin.com/OR/Corvallis/746-NW-15th-St-97330/home/25894613,,,N,Y,44.5740103,-123.270158
PAST SALE,September-24-2015,Single Family Residential,921 NW 11th,Corvallis,OR,97330,325000,3,2.0,Corvallis,1604,10454,1940,934,203,,Sold,,,http://www.redfin.com/OR/Corvallis/921-NW-11th-St-97330/home/25894689,WVMLS,696821,N,Y,44.5743004,-123.2652078
PAST SALE,January-21-2016,Single Family Residential,819 NW 11th,Corvallis,OR,97330,317300,4,2.0,Jobs,1957,5227,1934,815,162,,Sold,,,http://www.redfin.com/OR/Corvallis/819-NW-11th-St-97330/home/25894757,WVMLS,697075,N,Y,44.5734981,-123.2655583
PAST SALE,June-13-2016,Single Family Residential,542 NW 15th,Corvallis,OR,97330,332000,3,2.0,Jobs Addition,1564,4792,1996,671,212,,Sold,,,http://www.redfin.com/OR/Corvallis/542-NW-15th-St-97330/home/25894780,WVMLS,702684,N,Y,44.5721326,-123.2712009
PAST SALE,September-16-2015,Single Family Residential,535 NW 12th,Corvallis,OR,97330,343500,4,2.0,Job's Addition,1729,5227,1939,942,199,,Sold,,,http://www.redfin.com/OR/Corvallis/535-NW-12th-St-97330/home/25894803,WVMLS,693006,N,Y,44.571247,-123.2678643
PAST SALE,February-4-2016,Single Family Residential,1663 NW Tyler,Corvallis,OR,97330-5748,290000,3,1.0,Corvallis,1320,4356,1983,801,220,,Sold,,,http://www.redfin.com/OR/Corvallis/1663-NW-Tyler-Ave-97330/home/25894873,WVMLS,701123,N,Y,44.5719405,-123.2727724
PAST SALE,May-29-2015,Single Family Residential,1111 NW Circle Blvd,Corvallis,OR,97330,236000,3,2.0,Benton County,1627,10018,1960,1052,145,,Sold,,,http://www.redfin.com/OR/Corvallis/1111-NW-Circle-Blvd-97330/home/25900143,RMLS,15642201,N,Y,44.5889559,-123.2640234
PAST SALE,January-6-2017,Single Family Residential,1540 NW 12th,Corvallis,OR,97330-4632,347000,4,2.0,Gathercoal Addition,1563,10019,1956,464,222,,Sold,,,http://www.redfin.com/OR/Corvallis/1540-NW-12th-St-97330/home/25900152,WVMLS,712203,N,Y,44.5824,-123.2650331
PAST SALE,June-24-2016,Single Family Residential,2335 NW 13th,Corvallis,OR,97330-1431,280000,3,2.0,Carter-Rawie Add 2,1629,9148,1966,660,172,,Sold,,,http://www.redfin.com/OR/Corvallis/2335-NW-13th-St-97330/home/25896555,WVMLS,703403,N,Y,44.5915878,-123.2668453
PAST SALE,July-9-2015,Single Family Residential,1930 NW Kings,Corvallis,OR,97330,225000,3,2.0,Kings Corner,1297,9148,1959,1011,173,,Sold,,,http://www.redfin.com/OR/Corvallis/1930-NW-Kings-Blvd-97330/home/25897121,WVMLS,689789,N,Y,44.5873528,-123.2763044
PAST SALE,February-23-2017,Single Family Residential,973 NW Cypress,Corvallis,OR,97330,280000,3,2.0,Highland Manor,1260,8276,1968,416,222,,Sold,,,http://www.redfin.com/OR/Corvallis/973-NW-Cypress-Ave-97330/home/25897377,WVMLS,714359,N,Y,44.5919765,-123.2594966
PAST SALE,August-19-2015,Single Family Residential,1205 NW 11th,Corvallis,OR,97330,231500,3,1.0,Drapers Town & Country,1040,9148,1955,970,223,,Sold,,,http://www.redfin.com/OR/Corvallis/1205-NW-11th-St-97330/home/25897437,WVMLS,693992,N,Y,44.5775443,-123.2635723
PAST SALE,August-31-2015,Single Family Residential,1665 NW Highland,Corvallis,OR,97330,202500,3,1.0,Corvallis,1271,6534,1934,958,159,,Sold,,,http://www.redfin.com/OR/Corvallis/1665-NW-Highland-Dr-97330/home/25899103,WVMLS,656370,N,Y,44.5846516,-123.2622347
PAST SALE,May-10-2017,Single Family Residential,1415 NW Circle,Corvallis,OR,97330,191500,3,1.0,Corvallis,984,10019,1965,340,195,,Sold,,,http://www.redfin.com/OR/Corvallis/1415-NW-Circle-Blvd-97330/home/25901702,WVMLS,715664,N,Y,44.588851,-123.268657
PAST SALE,November-23-2015,Single Family Residential,2207 NW Dixon,Corvallis,OR,97330,222000,3,1.0,Corvallis,960,10890,1966,874,231,,Sold,,,http://www.redfin.com/OR/Corvallis/2207-NW-Dixon-St-97330/home/25901759,WVMLS,698234,N,Y,44.5898003,-123.2657628
PAST SALE,May-19-2017,Single Family Residential,1140 NW Oak,Corvallis,OR,97330,330000,3,3.0,Carter Rawie 1st,1535,10019,1960,331,215,,Sold,,,http://www.redfin.com/OR/Corvallis/1140-NW-Oak-Ave-97330/home/25901777,WVMLS,717623,N,Y,44.5926871,-123.2648494
PAST SALE,February-26-2016,Single Family Residential,1116 NW Oak,Corvallis,OR,97330-1404,250000,3,2.0,Carter Rawie 1st,1281,9583,1960,779,195,,Sold,,,http://www.redfin.com/OR/Corvallis/1116-NW-Oak-Ave-97330/home/25901776,WVMLS,698353,N,Y,44.5925773,-123.2645659
PAST SALE,March-9-2016,Single Family Residential,1840 NW Locust,Corvallis,OR,97330,245000,3,1.0,Harman 6th,1176,10019,1967,767,208,,Sold,,,http://www.redfin.com/OR/Corvallis/1840-NW-Locust-St-97330/home/25901822,WVMLS,700528,N,Y,44.5889486,-123.2748904
PAST SALE,February-3-2016,Single Family Residential,1815 NW Locust,Corvallis,OR,97330-1366,331500,4,2.0,Harman 6th,1704,10454,1966,802,195,,Sold,,,http://www.redfin.com/OR/Corvallis/1815-NW-Locust-St-97330/home/25901830,WVMLS,698325,N,Y,44.5894279,-123.2740457
PAST SALE,October-16-2017,Single Family Residential,1640 NW Highland,Corvallis,OR,97330-2020,260000,3,2.0,Gathercoal Second,1784,8276,1959,181,146,,Sold,,,http://www.redfin.com/OR/Corvallis/1640-NW-Highland-Dr-97330/home/25901882,WVMLS,722251,N,Y,44.5841639,-123.262858
PAST SALE,August-10-2016,Single Family Residential,1720 NW Highland,Corvallis,OR,97330,166000,3,1.0,Gathergoal 2nd Addn,1038,8276,1966,613,160,,Sold,,,http://www.redfin.com/OR/Corvallis/1720-NW-Highland-Dr-97330/home/25901905,WVMLS,707405,N,Y,44.5854707,-123.2628182
PAST SALE,February-21-2017,Single Family Residential,1441 NW Grant,Corvallis,OR,97330-4612,311675,3,2.0,Corvallis,2544,5663,1876,418,123,,Sold,,,http://www.redfin.com/OR/Corvallis/1441-NW-Grant-Ave-97330/home/25902021,WVMLS,710162,N,Y,44.5797542,-123.2687871
PAST SALE,September-25-2015,Single Family Residential,1615 NW 17th,Corvallis,OR,97330,251450,3,2.0,Harman Addition,1238,8712,1962,933,203,,Sold,,,http://www.redfin.com/OR/Corvallis/1615-NW-17th-St-97330/home/25902169,WVMLS,693890,N,Y,44.5834414,-123.2711003
PAST SALE,October-6-2017,Single Family Residential,959 NW Sycamore,Corvallis,OR,97330,205000,3,1.0,Corvallis,1156,10454,1958,191,177,,Sold,,,http://www.redfin.com/OR/Corvallis/959-NW-Sycamore-Ave-97330/home/25902235,WVMLS,723085,N,Y,44.5902337,-123.2588942
PAST SALE,August-27-2015,Single Family Residential,1800 NW 14th,Corvallis,OR,97330,262500,3,2.0,Corvallis,1288,8276,1959,962,204,,Sold,,,http://www.redfin.com/OR/Corvallis/1800-NW-14th-St-97330/home/25902270,WVMLS,693500,N,Y,44.5865523,-123.2685173
PAST SALE,June-9-2015,Single Family Residential,1840 NW 14th,Corvallis,OR,97330,253400,3,2.0,Venell Harman,1198,8276,1959,1041,212,,Sold,,,http://www.redfin.com/OR/Corvallis/1840-NW-14th-St-97330/home/25902274,WVMLS,688531,N,Y,44.587387,-123.2685603
PAST SALE,,Single Family Residential,1560 NW Forestgreen Ave,Corvallis,OR,97330,300000,3,2.0,,1786,8276,1974,,168,,,,,http://www.redfin.com/OR/Corvallis/1560-NW-Forestgreen-Ave-97330/home/25902282,,,N,Y,44.5898365,-123.270582
PAST SALE,December-8-2015,Single Family Residential,1930 NW 14th,Corvallis,OR,97330,267300,4,2.0,Venell-Harman,1254,8276,1959,859,213,,Sold,,,http://www.redfin.com/OR/Corvallis/1930-NW-14th-St-97330/home/25902280,WVMLS,696745,N,Y,44.5882218,-123.2686033
PAST SALE,November-20-2015,Single Family Residential,1947 NW Garryanna,Corvallis,OR,97330,315000,3,2.0,Corvallis,1347,8276,1960,877,234,,Sold,,,http://www.redfin.com/OR/Corvallis/1947-NW-Garryanna-St-97330/home/25902342,WVMLS,695426,N,Y,44.5880044,-123.2690195
PAST SALE,November-4-2015,Single Family Residential,1955 NW Garryanna,Corvallis,OR,97330,230000,3,2.0,Corvallis,960,7841,1960,893,240,,Sold,,,http://www.redfin.com/OR/Corvallis/1955-NW-Garryanna-St-97330/home/25902340,WVMLS,695415,N,Y,44.5882222,-123.269095
PAST SALE,,Single Family Residential,665 NW Linden Ave,Corvallis,OR,97330,337000,4,2.0,,2040,19166,1957,,165,,,,,http://www.redfin.com/OR/Corvallis/665-NW-Linden-Ave-97330/home/25902374,,,N,Y,44.5923828,-123.2563463
PAST SALE,September-14-2015,Single Family Residential,1515 NW 14th,Corvallis,OR,97330,329500,4,3.0,North Gate Estates,1831,9583,1963,944,180,,Sold,,,http://www.redfin.com/OR/Corvallis/1515-NW-14th-St-97330/home/25902611,WVMLS,693611,N,Y,44.5817896,-123.2678801
PAST SALE,October-5-2016,Single Family Residential,1752 NW Harrison,Corvallis,OR,97330-5739,328500,,2.0,Corvallis,2195,2614,1930,557,150,,Sold,,,http://www.redfin.com/OR/Corvallis/1752-NW-Harrison-Blvd-97330/home/25902651,WVMLS,706812,N,Y,44.5708923,-123.2741496
PAST SALE,,Single Family Residential,1520 NW 13th St,Corvallis,OR,97330,280000,3,1.5,,2094,9583,1960,,134,,,,,http://www.redfin.com/OR/Corvallis/1520-NW-13th-St-97330/home/25902626,,,N,Y,44.5819948,-123.2673778
PAST SALE,March-24-2017,Single Family Residential,1920 NW Menlo,Corvallis,OR,97330,283000,3,2.0,Venell Harman 3rd,1269,8712,1961,387,223,,Sold,,,http://www.redfin.com/OR/Corvallis/1920-NW-Menlo-Dr-97330/home/25902660,WVMLS,714776,N,Y,44.5876433,-123.2713526
PAST SALE,February-3-2016,Single Family Residential,1153 NW 16th,Corvallis,OR,97330,316000,4,2.0,Corvallis,3172,12632,1951,802,100,,Sold,,,http://www.redfin.com/OR/Corvallis/1153-NW-16th-St-97330/home/25902897,WVMLS,697571,N,Y,44.5772068,-123.2696532
PAST SALE,January-21-2016,Single Family Residential,1909 NW Beca,Corvallis,OR,97330,279900,3,2.0,Tinkham Tracts Annex,1888,10019,1951,815,148,,Sold,,,http://www.redfin.com/OR/Corvallis/1909-NW-Beca-Ave-97330/home/25902916,WVMLS,697964,N,Y,44.5783871,-123.2734472
PAST SALE,June-22-2015,Single Family Residential,703 NW 4th,Corvallis,OR,97330,180000,3,3.0,Corvallis,1140,6098,1908,1028,158,,Sold,,,http://www.redfin.com/OR/Corvallis/703-NW-4th-St-97330/home/25903183,WVMLS,685634,N,Y,44.5704246,-123.2587903
PAST SALE,August-31-2017,Single Family Residential,445 NW 9th,Corvallis,OR,97330,305000,3,2.0,Rayburns,1913,6098,1939,227,159,,Sold,,,http://www.redfin.com/OR/Corvallis/445-NW-9th-St-97330/home/25903223,WVMLS,721139,N,Y,44.5696564,-123.2650756
PAST SALE,December-30-2016,Single Family Residential,1855 NW Tyler,Corvallis,OR,97330,233500,4,2.0,Corvallis,1562,2614,1938,471,149,,Sold,,,http://www.redfin.com/OR/Corvallis/1855-NW-Tyler-Ave-97330/home/25903273,WVMLS,708234,N,Y,44.5724385,-123.2744258
PAST SALE,August-23-2016,Single Family Residential,830 NW 11th St,Corvallis,OR,97330,373000,6,2.0,Benton County,2394,6534,1910,600,156,,Sold,,,http://www.redfin.com/OR/Corvallis/830-NW-11th-St-97330/home/25903896,RMLS,16254006,N,Y,44.5737771,-123.2660642
PAST SALE,June-30-2017,Single Family Residential,808 NW 11th,Corvallis,OR,97330-6075,257500,4,3.0,Jobs,2188,6970,1900,289,118,,Sold,,,http://www.redfin.com/OR/Corvallis/808-NW-11th-St-97330/home/25903891,WVMLS,719343,N,Y,44.5734628,-123.2662831
PAST SALE,December-21-2016,Single Family Residential,402 NW 10th,Corvallis,OR,97333,262500,4,1.0,Corvallis,1364,5663,1921,480,192,,Sold,,,http://www.redfin.com/OR/Corvallis/402-NW-10th-St-97330/home/25904198,WVMLS,713224,N,Y,44.5694204,-123.2671506
PAST SALE,May-13-2015,Single Family Residential,983 NW Ironwood,Corvallis,OR,97330,241000,3,2.0,Ironwood,1292,7841,1976,1068,187,,Sold,,,http://www.redfin.com/OR/Corvallis/983-NW-Ironwood-Ave-97330/home/25906450,WVMLS,688275,N,Y,44.5926714,-123.2603375
PAST SALE,,Single Family Residential,918 NW Oak Ave,Corvallis,OR,97330,339000,5,4.0,,2030,5663,1978,,167,,,,,http://www.redfin.com/OR/Corvallis/918-NW-Oak-Ave-97330/home/25907483,,,N,Y,44.5929331,-123.2604008
PAST SALE,,Single Family Residential,1936 NW Hayes Ave,Corvallis,OR,97330,250000,3,2.5,,1698,4792,1995,,147,,,,,http://www.redfin.com/OR/Corvallis/1936-NW-Hayes-Ave-97330/home/25908825,,,N,Y,44.5813434,-123.2746615
PAST SALE,June-15-2015,Single Family Residential,2345 NW 13th,Corvallis,OR,97330,220000,3,1.0,Corvallis,1035,9148,1966,1035,213,,Sold,,,http://www.redfin.com/OR/Corvallis/2345-NW-13th-St-97330/home/25900460,WVMLS,690655,N,Y,44.5917047,-123.2668585
PAST SALE,,Single Family Residential,337 NW 18th St,Corvallis,OR,97330,350000,2,1.0,,816,2614,2015,,429,,,,,http://www.redfin.com/OR/Corvallis/337-NW-18th-St-97330/home/25900708,,,N,Y,44.5708144,-123.2743102
PAST SALE,September-30-2016,Single Family Residential,992 NW Ironwood,Corvallis,OR,97330,263000,3,2.0,Corvallis,1238,8276,1976,562,212,,Sold,,,http://www.redfin.com/OR/Corvallis/992-NW-Ironwood-Ave-97330/home/25922775,WVMLS,714616,N,Y,44.5922561,-123.2609861
PAST SALE,May-16-2016,Single Family Residential,1145 NW 20th,Corvallis,OR,97330,269000,4,2.0,Corvallis,1635,8712,1959,699,165,,Sold,,,http://www.redfin.com/OR/Corvallis/1145-NW-20th-St-97330/home/25913132,WVMLS,706353,N,Y,44.577303,-123.2739184
PAST SALE,,Single Family Residential,1620 NW Kings Blvd,Corvallis,OR,97330,80585,2,1.0,,762,8276,1948,,106,,,,,http://www.redfin.com/OR/Corvallis/1620-NW-Kings-Blvd-97330/home/25913535,,,N,Y,44.5835099,-123.2763126
PAST SALE,June-23-2017,Single Family Residential,825 NE Lawndale,Corvallis,OR,97330,238900,3,2.0,Corvallis,1280,13068,1966,296,187,,Sold,,,http://www.redfin.com/OR/Corvallis/825-NW-Lawndale-Pl-97330/home/25913938,WVMLS,717962,N,Y,44.5900698,-123.2482968
PAST SALE,May-6-2016,Single Family Residential,428 NW 9th,Corvallis,OR,97330,340310,,2.0,Corvallis,2328,6970,1920,709,146,,Sold,,,http://www.redfin.com/OR/Corvallis/428-NW-9th-St-97330/home/25914217,WVMLS,697124,N,Y,44.5695321,-123.2658243
PAST SALE,November-26-2016,Single Family Residential,993 NW Cypress,Corvallis,OR,97330-1526,349000,3,2.0,Corvallis,1754,8712,1968,505,199,,Sold,,,http://www.redfin.com/OR/Corvallis/993-NW-Cypress-Ave-97330/home/25914402,WVMLS,710402,N,Y,44.5919335,-123.2609838
PAST SALE,June-15-2015,Single Family Residential,990 NW Sequoia,Corvallis,OR,97330,210000,4,2.0,Highland Manor Subdv.,1806,9148,1961,1035,116,,Sold,,,http://www.redfin.com/OR/Corvallis/990-NW-Sequoia-Ave-97330/home/25914405,WVMLS,681671,N,Y,44.5907242,-123.2617128
PAST SALE,June-30-2017,Single Family Residential,1259 NW Oak,Corvallis,OR,97330,240000,3,1.0,Corvallis,960,9583,1962,289,250,,Sold,,,http://www.redfin.com/OR/Corvallis/1259-NW-Oak-Ave-97330/home/25915126,WVMLS,720598,N,Y,44.5931158,-123.266254
PAST SALE,May-29-2015,Single Family Residential,429 NW 12th,Corvallis,OR,97330,236000,3,1.0,Corvallis,944,5227,1910,1052,250,,Sold,,,http://www.redfin.com/OR/Corvallis/429-NW-12th-St-97330/home/25915370,WVMLS,690982,N,Y,44.5701913,-123.2683727
PAST SALE,September-28-2015,Single Family Residential,946 NW Sequoia,Corvallis,OR,97330,240000,3,1.0,Highland Lawn Acres,1186,13068,1910,930,202,,Sold,,,http://www.redfin.com/OR/Corvallis/946-NW-Sequoia-Ave-97330/home/25915484,WVMLS,694230,N,Y,44.5909536,-123.2568219
PAST SALE,,Single Family Residential,1344 NW Dixon St,Corvallis,OR,97330,250000,2,1.0,,1056,7405,1952,,237,,,,,http://www.redfin.com/OR/Corvallis/1344-NW-Dixon-St-97330/home/25916006,,,N,Y,44.5790796,-123.2661299
PAST SALE,,Single Family Residential,1517 NW 13th St,Corvallis,OR,97330,276000,3,2.0,,1563,11326,1963,,177,,,,,http://www.redfin.com/OR/Corvallis/1517-NW-13th-St-97330/home/25916208,,,N,Y,44.581954,-123.2667628
PAST SALE,April-18-2016,Single Family Residential,1320 NW Garfield,Corvallis,OR,97330,353200,3,2.0,North Gate Estates 4th Ad,1696,8712,1960,727,208,,Sold,,,http://www.redfin.com/OR/Corvallis/1320-NW-Garfield-Ave-97330/home/25916706,WVMLS,700896,N,Y,44.5828621,-123.2678142
PAST SALE,May-19-2016,Single Family Residential,2241 NW 12th,Corvallis,OR,97330-1459,324000,3,2.0,Carter Rawie 1st,1515,9148,1960,696,214,,Sold,,,http://www.redfin.com/OR/Corvallis/2241-NW-12th-St-97330/home/25917509,WVMLS,701051,N,Y,44.5906864,-123.2645399
PAST SALE,September-4-2015,Single Family Residential,402 NW 14th,Corvallis,OR,97330,309000,5,2.0,Wilkins Addition,1672,4792,1936,954,185,,Sold,,,http://www.redfin.com/OR/Corvallis/402-NW-14th-St-97330/home/25917559,WVMLS,693549,N,Y,44.5704111,-123.2709055
PAST SALE,October-29-2015,Single Family Residential,2358 NW Green,Corvallis,OR,97330,318000,3,2.0,Timber Hill SE Add 01,1942,10890,1976,899,164,,Sold,,,http://www.redfin.com/OR/Corvallis/2358-NW-Green-Cir-97330/home/25918394,WVMLS,694980,N,Y,44.5914436,-123.2705508
PAST SALE,May-20-2015,Single Family Residential,1120 NW 16th,Corvallis,OR,97330,270000,3,2.0,Corvallis,1873,9148,1948,1061,144,,Sold,,,http://www.redfin.com/OR/Corvallis/1120-NW-16th-St-97330/home/25918408,WVMLS,696068,N,Y,44.5765461,-123.2701889
PAST SALE,,Single Family Residential,1525 NW 11th St,Corvallis,OR,97330,85000,3,1.0,,1000,8712,1955,,85,,,,,http://www.redfin.com/OR/Corvallis/1525-NW-11th-St-97330/home/25918596,,,N,Y,44.5822009,-123.2632986
PAST SALE,April-24-2017,Single Family Residential,2125 NW 17th,Corvallis,OR,97330,310000,4,3.0,Harman 4th,1308,10890,1965,356,237,,Sold,,,http://www.redfin.com/OR/Corvallis/2125-NW-17th-St-97330/home/25918921,WVMLS,716201,N,Y,44.5881685,-123.2724628
PAST SALE,April-29-2016,Single Family Residential,1100 NW Dixon,Corvallis,OR,97330,317500,2,3.0,Buchanan Addition,3109,10019,1959,716,102,,Sold,,,http://www.redfin.com/OR/Corvallis/1100-NW-Dixon-St-97330/home/25918961,WVMLS,699070,N,Y,44.5763511,-123.2660399
PAST SALE,January-6-2016,Single Family Residential,642 NW 12th,Corvallis,OR,97330,223000,1,1.0,Job's Addition,848,5227,1906,830,263,,Sold,,,http://www.redfin.com/OR/Corvallis/642-NW-12th-St-97330/home/25919059,WVMLS,696564,N,Y,44.5723827,-123.267759
PAST SALE,July-7-2017,Single Family Residential,637 NW 15th,Corvallis,OR,97330-5811,325000,3,2.0,Jobs,1325,4792,1948,282,245,,Sold,,,http://www.redfin.com/OR/Corvallis/637-NW-15th-St-97330/home/25919076,WVMLS,719125,N,Y,44.572809,-123.2701245
PAST SALE,September-16-2016,Single Family Residential,1905 NW 14th,Corvallis,OR,97330,380000,3,2.0,Venell-Harman,1034,10019,1959,576,368,,Sold,,,http://www.redfin.com/OR/Corvallis/1905-NW-14th-St-97330/home/25919323,WVMLS,709276,N,Y,44.5876527,-123.2679968
PAST SALE,October-29-2015,Single Family Residential,1506 Forestgreen,Corvallis,OR,97330,226900,3,1.0,Timberhill SE,924,9583,1972,899,246,,Sold,,,http://www.redfin.com/OR/Corvallis/1506-NW-Forestgreen-Ave-97330/home/25919853,WVMLS,695581,N,Y,44.5898862,-123.2696296
PAST SALE,May-23-2016,Single Family Residential,1655 NW Highland,Corvallis,OR,97330-2019,203500,3,1.0,Corvallis,1270,5227,1953,692,160,,Sold,,,http://www.redfin.com/OR/Corvallis/1655-NW-Highland-Dr-97330/home/25919944,WVMLS,702060,N,Y,44.5843451,-123.2621833
PAST SALE,September-8-2016,Single Family Residential,1457 NW 17th,Corvallis,OR,97330,357500,3,2.0,Parkside,1699,10890,1980,584,210,,Sold,,,http://www.redfin.com/OR/Corvallis/1457-NW-17th-St-97330/home/25920190,WVMLS,707058,N,Y,44.5811995,-123.2710345
PAST SALE,November-3-2015,Single Family Residential,1201 NW 11th,Corvallis,OR,97330,345000,4,2.0,Corvallis,1528,10019,1942,894,226,,Sold,,,http://www.redfin.com/OR/Corvallis/1201-NW-11th-St-97330/home/25920356,WVMLS,695803,N,Y,44.5772744,-123.2637793
PAST SALE,December-18-2015,Single Family Residential,447 NW Kings,Corvallis,OR,97330,279900,3,2.0,Corvallis,1836,7405,1926,849,152,,Sold,,,http://www.redfin.com/OR/Corvallis/447-NW-Kings-Blvd-97330/home/25920401,WVMLS,697290,N,Y,44.5721718,-123.2749
PAST SALE,,Single Family Residential,805 NE Circle Blvd,Corvallis,OR,97330,130000,4,1.5,,1252,16117,1966,,104,,,,,http://www.redfin.com/OR/Corvallis/805-NE-Circle-Blvd-97330/home/25920470,,,N,Y,44.5892111,-123.2485737
PAST SALE,July-16-2015,Single Family Residential,445 NW 18th,Corvallis,OR,97330,278400,4,1.0,Wilkins,1508,4792,1902,1004,185,,Sold,,,http://www.redfin.com/OR/Corvallis/445-NW-18th-St-97330/home/25920603,WVMLS,689985,N,Y,44.5719089,-123.2738535
PAST SALE,,Single Family Residential,1344 NW 12th St,Corvallis,OR,97330,110000,3,1.0,,888,7841,1954,,124,,,,,http://www.redfin.com/OR/Corvallis/1344-NW-12th-St-97330/home/25921776,,,N,Y,44.5792631,-123.2649857
PAST SALE,February-28-2017,Single Family Residential,1775 NW Arthur,Corvallis,OR,97330,246500,3,3.0,Harman 3rd,1426,14375,1963,411,173,,Sold,,,http://www.redfin.com/OR/Corvallis/1775-NW-Arthur-Cir-97330/home/25922016,WVMLS,712031,N,Y,44.585518,-123.2737682
PAST SALE,June-24-2016,Single Family Residential,1745 NW 14th,Corvallis,OR,97330,265000,3,1.0,North Gate Estates,1220,10019,1958,660,217,,Sold,,,http://www.redfin.com/OR/Corvallis/1745-NW-14th-St-97330/home/25922053,WVMLS,703972,N,Y,44.5861123,-123.2680102
PAST SALE,May-15-2017,Single Family Residential,1969 NW Joy Lyn,Corvallis,OR,97330-2632,303000,3,3.0,Corvallis,1570,3049,2002,335,193,,Sold,,,http://www.redfin.com/OR/Corvallis/1969-NW-Joy-Lyn-PI-97330/home/25922069,WVMLS,717172,N,Y,44.578852,-123.2751099
PAST SALE,June-15-2015,Single Family Residential,1573 NW Forestgreen,Corvallis,OR,97330,260000,3,2.0,Timberhill SE 1st,1320,8276,1974,1035,197,,Sold,,,http://www.redfin.com/OR/Corvallis/1573-NW-Forestgreen-Ave-97330/home/25922604,WVMLS,690111,N,Y,44.5902271,-123.2707447
PAST SALE,,Single Family Residential,1583 NW Forestgreen Ave,Corvallis,OR,97330,300000,3,2.0,,1163,8276,1976,,258,,,,,http://www.redfin.com/OR/Corvallis/1583-NW-Forestgreen-Ave-97330/home/25922605,,,N,Y,44.5901756,-123.2710271
PAST SALE,August-31-2017,Single Family Residential,2255 NW 17th,Corvallis,OR,97330,320000,4,2.0,Harman 4th,1485,7841,1967,227,215,,Sold,,,http://www.redfin.com/OR/Corvallis/2255-NW-17th-St-97330/home/25922629,WVMLS,721672,N,Y,44.5895759,-123.2724857
PAST SALE,,Single Family Residential,626 NW 14th St,Corvallis,OR,97330,256500,3,2.0,,1280,4792,1920,,200,,,,,http://www.redfin.com/OR/Corvallis/626-NW-14th-St-97330/home/25924746,,,N,Y,44.572599,-123.2697789
PAST SALE,,Single Family Residential,1311 NW Garfield Ave,Corvallis,OR,97330,235000,3,1.5,,1255,10019,1959,,187,,,,,http://www.redfin.com/OR/Corvallis/1311-NW-Garfield-Ave-97330/home/25924906,,,N,Y,44.5832408,-123.2673991
PAST SALE,September-19-2016,Single Family Residential,1225 NW 13th,Corvallis,OR,97330,325000,3,2.0,Dapers Town & Country 195,1778,6970,1952,573,183,,Sold,,,http://www.redfin.com/OR/Corvallis/1225-NW-13th-St-97330/home/25923970,WVMLS,708054,N,Y,44.5778495,-123.2667083
PAST SALE,December-27-2016,Single Family Residential,1153 NW 11th,Corvallis,OR,97330,197500,2,1.0,Corvallis,884,9148,1941,474,223,,Sold,,,http://www.redfin.com/OR/Corvallis/1153-NW-11th-St-97330/home/25925097,WVMLS,712226,N,Y,44.5771253,-123.2638642
PAST SALE,June-30-2016,Single Family Residential,1221 NW 12th,Corvallis,OR,97330,259000,3,2.0,Drapers Town & Country,1224,6534,1955,654,212,,Sold,,,http://www.redfin.com/OR/Corvallis/1221-NW-12th-St-97330/home/25924940,WVMLS,701724,N,Y,44.5775774,-123.2644574
PAST SALE,September-9-2016,Single Family Residential,829 NW 13th,Corvallis,OR,97330-5954,225000,3,1.0,Job's Addition,1056,4356,1979,583,213,,Sold,,,http://www.redfin.com/OR/Corvallis/829-NW-13th-St-97330/home/25924559,WVMLS,707043,N,Y,44.5738792,-123.267601
PAST SALE,April-7-2017,Single Family Residential,1232 NW Grant,Corvallis,OR,97330-4609,273500,3,1.0,Corvallis,1270,7405,1953,373,215,,Sold,,,http://www.redfin.com/OR/Corvallis/1232-NW-Grant-Ave-97330/home/25924569,WVMLS,713763,N,Y,44.5794087,-123.2655276
PAST SALE,August-14-2015,Single Family Residential,1325 NW 15th,Corvallis,OR,97330,334000,5,3.0,Tinkham Tracts,3006,10454,1955,975,111,,Sold,,,http://www.redfin.com/OR/Corvallis/1325-NW-15th-St-97330/home/25927918,WVMLS,691633,N,Y,44.5786496,-123.2689509
PAST SALE,,Single Family Residential,1320 NW 12th St,Corvallis,OR,97330,206700,3,1.0,,888,7841,1954,,233,,,,,http://www.redfin.com/OR/Corvallis/1320-NW-12th-St-97330/home/25927942,,,N,Y,44.5785737,-123.264993
PAST SALE,,Single Family Residential,1241 NW Circle Blvd,Corvallis,OR,97330,156000,3,1.0,,912,7841,1966,,171,,,,,http://www.redfin.com/OR/Corvallis/1241-NW-Circle-Blvd-97330/home/25928067,,,N,Y,44.5888976,-123.266543
PAST SALE,May-3-2016,Single Family Residential,1510 NW 14th,Corvallis,OR,97330-4665,381000,4,2.0,North Gate Estate 6th,2178,10454,1962,712,175,,Sold,,,http://www.redfin.com/OR/Corvallis/1510-NW-14th-Pl-97330/home/25928138,WVMLS,701842,N,Y,44.5820447,-123.2696889
PAST SALE,May-25-2017,Single Family Residential,921 NW Sycamore,Corvallis,OR,97330-1530,208321,2,2.0,Highland Lawn Acres,948,8712,1960,325,220,,Sold,,,http://www.redfin.com/OR/Corvallis/921-NW-Sycamore-Ave-97330/home/25916934,WVMLS,717002,N,Y,44.5903161,-123.2565468
PAST SALE,April-10-2017,Single Family Residential,728 NW 16th,Corvallis,OR,97330-5713,218815,2,1.0,Jobs,884,4792,1950,370,248,,Sold,,,http://www.redfin.com/OR/Corvallis/728-NW-16th-St-97330/home/25928519,WVMLS,715309,N,Y,44.5739618,-123.2711991
PAST SALE,May-20-2015,Single Family Residential,734 NW 13th,Corvallis,OR,97330,177500,3,1.0,Job's Addition,1165,4792,1904,1061,152,,Sold,,,http://www.redfin.com/OR/Corvallis/734-NW-13th-St-97330/home/25928549,WVMLS,688798,N,Y,44.573401,-123.2682887
PAST SALE,,Single Family Residential,1315 NW 13th St,Corvallis,OR,97330,235000,2,1.0,,768,7405,1951,,306,,,,,http://www.redfin.com/OR/Corvallis/1315-NW-13th-St-97330/home/25926029,,,N,Y,44.5787284,-123.2667392
PAST SALE,July-1-2016,Single Family Residential,1755 NW Garryanna,Corvallis,OR,97330,262500,3,2.0,Corvallis,1220,9148,1959,653,215,,Sold,,,http://www.redfin.com/OR/Corvallis/1755-NW-Garryanna-St-97330/home/25926252,WVMLS,703209,N,Y,44.5860405,-123.2689683
PAST SALE,August-1-2016,Single Family Residential,984 NW Cleveland,Corvallis,OR,97330-2148,225000,3,2.0,Corvallis,960,5227,1961,622,234,,Sold,,,http://www.redfin.com/OR/Corvallis/984-NW-Cleveland-Ave-97330/home/25926277,WVMLS,705218,N,Y,44.5857319,-123.2618983
PAST SALE,June-24-2016,Single Family Residential,1528 NW Terracegreen,Corvallis,OR,97330,287020,3,2.0,Timber Hill SE 1st Addn,1138,8276,1975,660,252,,Sold,,,http://www.redfin.com/OR/Corvallis/1528-NW-Terracegreen-Pl-97330/home/25926952,WVMLS,703788,N,Y,44.5905014,-123.2699109
PAST SALE,April-30-2015,Single Family Residential,704 NW 17th,Corvallis,OR,97330,265000,2,2.0,Corvallis,1289,4792,1910,1081,206,,Sold,,,http://www.redfin.com/OR/Corvallis/704-NW-17th-St-97330/home/25926962,WVMLS,687985,N,Y,44.5739879,-123.2724436
PAST SALE,October-15-2015,Single Family Residential,2120 NW Mulkey,Corvallis,OR,97330,330000,3,2.0,Corvallis,1424,8276,1958,913,232,,Sold,,,http://www.redfin.com/OR/Corvallis/2120-NW-Mulkey-Ave-97330/home/25927079,WVMLS,697485,N,Y,44.5802703,-123.2765155
PAST SALE,,Single Family Residential,1900 NW Arthur Cir,Corvallis,OR,97330,305000,3,1.5,,1138,8712,1963,,268,,,,,http://www.redfin.com/OR/Corvallis/1900-NW-Arthur-Cir-97330/home/25927070,,,N,Y,44.5841986,-123.2727374
PAST SALE,February-27-2017,Single Family Residential,513 NW Kings,Corvallis,OR,97330-5616,220000,2,1.0,Job's Addition,1152,5227,1946,412,191,,Sold,,,http://www.redfin.com/OR/Corvallis/513-NW-Kings-Blvd-97330/home/25927269,WVMLS,713543,N,Y,44.5727452,-123.2749688
PAST SALE,January-4-2016,Single Family Residential,347 NW 12th,Corvallis,OR,97330,369500,5,2.0,Hoffmans,2704,5227,1926,832,137,,Sold,,,http://www.redfin.com/OR/Corvallis/347-NW-12th-St-97330/home/25927280,WVMLS,696173,N,Y,44.5695064,-123.2687363
PAST SALE,May-29-2015,Single Family Residential,1715 NW Garryanna,Corvallis,OR,97330,210000,3,1.0,Northgate Estates 2nd,1040,9148,1960,1052,202,,Sold,,,http://www.redfin.com/OR/Corvallis/1715-NW-Garryanna-St-97330/home/25928819,WVMLS,689018,N,Y,44.5851432,-123.2689953
PAST SALE,April-15-2016,Single Family Residential,621 NW Kings,Corvallis,OR,97330,215000,2,1.0,Job's Addition,884,4356,1946,730,243,,Sold,,,http://www.redfin.com/OR/Corvallis/621-NW-Kings-Blvd-97330/home/25929099,WVMLS,700549,N,Y,44.5737682,-123.2749611
PAST SALE,June-30-2017,Single Family Residential,1334 NW 10th,Corvallis,OR,97330,310000,3,2.0,Draper's Town & Country,1314,6534,1956,289,236,,Sold,,,http://www.redfin.com/OR/Corvallis/1334-NW-10th-St-97330/home/25929194,WVMLS,719136,N,Y,44.5793096,-123.2628722
PAST SALE,,Single Family Residential,1445 NW 11th St,Corvallis,OR,97330,310000,3,2.0,,1100,9148,1955,,282,,,,,http://www.redfin.com/OR/Corvallis/1445-NW-11th-St-97330/home/25929347,,,N,Y,44.5807494,-123.2632883
PAST SALE,November-25-2015,Single Family Residential,2020 NW Harrison,Corvallis,OR,97330,196500,2,1.0,College Hill Addn,793,4356,1924,872,248,,Sold,,,http://www.redfin.com/OR/Corvallis/2020-NW-Harrison-Blvd-97330/home/25929600,WVMLS,696212,N,Y,44.5711968,-123.2756547
PAST SALE,August-19-2016,Single Family Residential,2409 NW Green,Corvallis,OR,97330,319000,4,2.0,Timberhill SE First Add,1575,5227,1976,604,203,,Sold,,,http://www.redfin.com/OR/Corvallis/2409-NW-Green-Cir-97330/home/25929744,WVMLS,705604,N,Y,44.5922577,-123.2697955
PAST SALE,February-23-2016,Single Family Residential,1260 NW Oak,Corvallis,OR,97330,271000,3,2.0,Carter Rawie 2,1412,9583,1965,782,192,,Sold,,,http://www.redfin.com/OR/Corvallis/1260-NW-Oak-Ave-97330/home/25930321,WVMLS,698319,N,Y,44.5927249,-123.2665831
PAST SALE,,Single Family Residential,1462 NW Taylor Ave,Corvallis,OR,97330,265000,3,1.0,,1188,4792,1920,,223,,,,,http://www.redfin.com/OR/Corvallis/1462-NW-Taylor-Ave-97330/home/25930455,,,N,Y,44.5729541,-123.2701748
PAST SALE,August-5-2015,Single Family Residential,1460 NW 15th,Corvallis,OR,97330,305000,4,3.0,Northgate Estates,2003,19166,1964,984,152,,Sold,,,http://www.redfin.com/OR/Corvallis/1460-NW-15th-St-97330/home/25930529,WVMLS,692136,N,Y,44.581586,-123.2703491
PAST SALE,July-29-2015,Single Family Residential,1725 NW 17th,Corvallis,OR,97330,285000,4,2.0,Corvallis,1752,8712,1963,991,163,,Sold,,,http://www.redfin.com/OR/Corvallis/1725-NW-17th-St-97330/home/25930544,WVMLS,690934,N,Y,44.5849352,-123.2711079
PAST SALE,April-14-2017,Single Family Residential,1835 NW Division,Corvallis,OR,97330,290000,5,3.0,Garfield,1831,7841,1963,366,158,,Sold,,,http://www.redfin.com/OR/Corvallis/1835-NW-Division-Pl-97330/home/25930563,WVMLS,715268,N,Y,44.5864528,-123.2608094
PAST SALE,November-10-2016,Single Family Residential,1229 NW 14th,Corvallis,OR,97330-2653,280000,3,1.0,Corvallis,1235,6534,1953,521,227,,Sold,,,http://www.redfin.com/OR/Corvallis/1229-NW-14th-St-97330/home/25931309,WVMLS,710027,N,Y,44.5779472,-123.2678889
PAST SALE,October-18-2016,Single Family Residential,1460 NW 13th,Corvallis,OR,97330-4674,320000,3,2.0,North Gates Estates 4th,1464,9583,1961,544,219,,Sold,,,http://www.redfin.com/OR/Corvallis/1460-NW-13th-St-97330/home/25931448,WVMLS,711602,N,Y,44.5811158,-123.2673467
PAST SALE,September-16-2015,Single Family Residential,541 NW 9th,Corvallis,OR,97330,205000,2,1.0,long legal,1376,5227,1900,942,149,,Sold,,,http://www.redfin.com/OR/Corvallis/541-NW-9th-St-97330/home/25931487,WVMLS,692810,N,Y,44.5705791,-123.2646031
PAST SALE,February-9-2016,Single Family Residential,1025 NW Buchanan,Corvallis,OR,97330,255000,3,2.0,Corvallis,1344,6970,1938,796,190,,Sold,,,http://www.redfin.com/OR/Corvallis/1025-NW-Buchanan-Ave-97330/home/25932222,WVMLS,694170,N,Y,44.5761103,-123.2638477
PAST SALE,August-25-2016,Single Family Residential,1539 NW Forestgreen,Corvallis,OR,97330,253600,3,2.0,Corvallis,1058,8276,1975,598,240,,Sold,,,http://www.redfin.com/OR/Corvallis/1539-NW-Forestgreen-Ave-97330/home/25933113,WVMLS,709439,N,Y,44.5902153,-123.2701668
PAST SALE,September-1-2017,Single Family Residential,1237 NW 18,Corvallis,OR,97330-2621,335000,3,3.0,Corvallis,1698,8276,1955,226,197,,Sold,,,http://www.redfin.com/OR/Corvallis/1237-NW-18th-St-97330/home/25933116,WVMLS,721615,N,Y,44.5777327,-123.2717463
PAST SALE,July-27-2017,Single Family Residential,1328 NW 17th,Corvallis,OR,97330-2617,325000,3,1.0,Tinkham Tracts,1344,10454,1952,262,242,,Sold,,,http://www.redfin.com/OR/Corvallis/1328-NW-17th-St-97330/home/25933119,WVMLS,720169,N,Y,44.5788086,-123.2710537
PAST SALE,November-12-2015,Single Family Residential,1140 NW 16th,Corvallis,OR,97330,345000,3,2.0,Corvallis,1432,8276,1949,885,241,,Sold,,,http://www.redfin.com/OR/Corvallis/1140-NW-16th-St-97330/home/25933112,WVMLS,696147,N,Y,44.5769695,-123.2702536
PAST SALE,,Single Family Residential,886 NW Oak Ave,Corvallis,OR,97330,230000,3,2.0,,1251,5227,1978,,184,,,,,http://www.redfin.com/OR/Corvallis/886-NW-Oak-Ave-97330/home/25933404,,,N,Y,44.5929566,-123.2595896
PAST SALE,October-11-2016,Single Family Residential,1650 NW Circle,Corvallis,OR,97330,235050,3,1.0,Harmon,1070,10019,1964,551,220,,Sold,,,http://www.redfin.com/OR/Corvallis/1650-NW-Circle-Blvd-97330/home/25924832,WVMLS,705780,N,Y,44.5875994,-123.2718564
PAST SALE,,Single Family Residential,1340 NE Seavy Ave,Corvallis,OR,97330,200100,3,2.0,,2005,41382,1950,,100,,,,,http://www.redfin.com/OR/Corvallis/1340-NE-Seavy-Ave-97330/home/25894242,,,N,Y,44.590915,-123.238973
PAST SALE,March-30-2018,Single Family Residential,2340 NW 13th,Corvallis,OR,97330,351000,3,2.0,Carter Rawie 2nd,1160,9148,1966,16,303,,Sold,,,http://www.redfin.com/OR/Corvallis/2340-NW-13th-St-97330/home/25901693,WVMLS,729220,N,Y,44.591806,-123.2674123
PAST SALE,January-20-2017,Single Family Residential,2105 NW 17th,Corvallis,OR,97330-1352,224000,3,1.0,Harmon Second Addition,960,9148,1965,450,233,,Sold,,,http://www.redfin.com/OR/Corvallis/2105-NW-17th-St-97330/home/25728631,WVMLS,706889,N,Y,44.5879667,-123.2723384
PAST SALE,September-26-2017,Single Family Residential,2200 NW 12th,Corvallis,OR,97330,265000,3,1.0,Carter Rawie 1st,1000,10019,1967,201,265,,Sold,,,http://www.redfin.com/OR/Corvallis/2200-NW-12th-St-97330/home/25893657,WVMLS,723329,N,Y,44.5897916,-123.2650492
PAST SALE,April-2-2018,Single Family Residential,1753 NW Taylor,Corvallis,OR,97330,302000,3,2.0,Corvallis,1008,4792,1918,13,300,,Sold,,,http://www.redfin.com/OR/Corvallis/1753-NW-Taylor-Ave-97330/home/25902430,WVMLS,728286,N,Y,44.5739518,-123.2726768
PAST SALE,August-13-2015,Single Family Residential,1830 NW Garfield,Corvallis,OR,97330,338900,4,2.0,Harman Fifth Addition,2132,9583,1965,976,159,,Sold,,,http://www.redfin.com/OR/Corvallis/1830-NW-Garfield-Ave-97330/home/25921322,WVMLS,687285,N,Y,44.5828303,-123.2734557
PAST SALE,May-29-2015,Single Family Residential,1907 NW Garryanna,Corvallis,OR,97330,224800,3,2.0,Venell Harman 2nd,1080,7841,1960,1052,208,,Sold,,,http://www.redfin.com/OR/Corvallis/1907-NW-Garryanna-St-97330/home/25894502,WVMLS,689062,N,Y,44.5876213,-123.2690783
PAST SALE,September-29-2015,Single Family Residential,1933& 1935 NW Grant,Corvallis,OR,97330,390000,0,,Corvallis,1821,18731,1916,929,214,,Sold,,,http://www.redfin.com/OR/Corvallis/1935-NW-Grant-Ave-97330/home/25894800,WVMLS,696308,N,Y,44.5796702,-123.27471
PAST SALE,September-18-2017,Single Family Residential,1310 NW 14th,Corvallis,OR,97330-4658,369000,4,2.0,Tinkham Tracts,1908,8276,1948,209,193,,Sold,,,http://www.redfin.com/OR/Corvallis/1310-NW-14th-St-97330/home/25897051,WVMLS,724456,N,Y,44.5783871,-123.2683961
PAST SALE,July-6-2016,Single Family Residential,2004 NW Harrison,Corvallis,OR,97330,273450,3,2.0,College Hill Addn,1170,4792,1931,648,234,,Sold,,,http://www.redfin.com/OR/Corvallis/2004-NW-Harrison-Blvd-97330/home/25915302,WVMLS,703397,N,Y,44.5711734,-123.2753251
PAST SALE,July-10-2017,Single Family Residential,613 NW 4th,Corvallis,OR,97330,223500,3,2.0,Dixon's Second Addn,1231,5227,1914,279,182,,Sold,,,http://www.redfin.com/OR/Corvallis/613-NW-4th-St-97330/home/45447333,WVMLS,718650,N,Y,44.5697724,-123.2590559
PAST SALE,October-26-2017,Single Family Residential,2225 NW Kings,Corvallis,OR,97330-3922,282000,3,2.0,Harman 6th Addition,1374,9148,1967,171,205,,Sold,,,http://www.redfin.com/OR/Corvallis/2225-NW-Kings-Blvd-97330/home/25914638,WVMLS,723473,N,Y,44.5894816,-123.2757303
PAST SALE,October-27-2017,Single Family Residential,1670 NW Arthur,Corvallis,OR,97330-1939,310000,3,2.0,Corvallis,1196,8712,1963,170,259,,Sold,,,http://www.redfin.com/OR/Corvallis/1670-NW-Arthur-Cir-97330/home/25921264,WVMLS,724015,N,Y,44.5859467,-123.2727045
PAST SALE,June-2-2017,Single Family Residential,964 NW Ironwood,Corvallis,OR,97330,260000,4,2.0,Ironwood,1544,8712,1977,317,168,,Sold,,,http://www.redfin.com/OR/Corvallis/964-NW-Ironwood-Ave-97330/home/25921365,WVMLS,719797,N,Y,44.5922787,-123.2591914
PAST SALE,,Single Family Residential,735 NW 16th St,Corvallis,OR,97330,270000,3,2.0,,1623,4792,1943,,166,,,,,http://www.redfin.com/OR/Corvallis/735-NW-16th-St-97330/home/25922628,,,N,Y,44.5739946,-123.2706986
PAST SALE,December-15-2017,Single Family Residential,575- 579 NW Linden,Corvallis,OR,97330,317000,4,2.0,Hammond,1800,,1969,121,176,,Sold,,,http://www.redfin.com/OR/Corvallis/575-NW-Linden-Ave-97330/home/25900403,WVMLS,724890,N,Y,44.5924715,-123.2545799
PAST SALE,,Townhouse,933 NW Sycamore Ave,Corvallis,OR,97330,180000,3,1.0,,1030,10019,1958,,175,,,,,http://www.redfin.com/OR/Corvallis/933-NW-Sycamore-Ave-97330/home/25931583,,,N,Y,44.5902888,-123.2574933
PAST SALE,July-13-2017,Single Family Residential,1005 NW Oak,Corvallis,OR,97330,282000,3,1.0,Carter Rawie,1099,9583,1960,276,257,,Sold,,,http://www.redfin.com/OR/Corvallis/1005-NW-Oak-Ave-97330/home/25901787,WVMLS,718326,N,Y,44.593125,-123.2628978
PAST SALE,June-23-2017,Single Family Residential,1029 NW 11th,Corvallis,OR,97330,264350,4,1.0,Corvallis,1460,7405,1946,296,181,,Sold,,,http://www.redfin.com/OR/Corvallis/1029-NW-11th-St-97330/home/25900014,WVMLS,718962,N,Y,44.5755335,-123.2646505
PAST SALE,,Single Family Residential,1458 NW Polk Ave,Corvallis,OR,97330,255000,2,1.0,,1021,4792,1925,,250,,,,,http://www.redfin.com/OR/Corvallis/1458-NW-Polk-Ave-97330/home/25920034,,,N,Y,44.5720201,-123.2704044
PAST SALE,March-13-2017,Single Family Residential,1860 NW Locust,Corvallis,OR,97330,300000,3,2.0,Corvallis,1448,8712,1967,398,207,,Sold,,,http://www.redfin.com/OR/Corvallis/1860-NW-Locust-St-97330/home/25932291,WVMLS,721612,N,Y,44.5893038,-123.2752865
PAST SALE,October-12-2016,Single Family Residential,530 NW 13th,Corvallis,OR,97330,199500,4,2.0,Corvallis,1975,5000,1913,550,101,,Sold,,,http://www.redfin.com/OR/Corvallis/530-NW-13th-St-97330/home/25897732,WVMLS,706931,N,Y,44.5714982,-123.2693161
PAST SALE,December-8-2017,Single Family Residential,712-714 16th,Corvallis,OR,97330,389900,6,3.0,Jobs,2005,4792,1945,128,194,,Sold,,,http://www.redfin.com/OR/Corvallis/712-NW-16th-St-97330/home/25921761,WVMLS,721694,N,Y,44.5737077,-123.2714225
PAST SALE,January-5-2017,Single Family Residential,981 NW Sequoia,Corvallis,OR,97330,270000,3,2.0,Higland Manor,1238,8712,1962,465,218,,Sold,,,http://www.redfin.com/OR/Corvallis/981-NW-Sequoia-Ave-97330/home/25893993,WVMLS,711695,N,Y,44.5911629,-123.2607447
PAST SALE,July-28-2017,Single Family Residential,1418 NW 11th,Corvallis,OR,97330-4621,275000,2,2.0,Gathercoal,1288,10019,1953,261,214,,Sold,,,http://www.redfin.com/OR/Corvallis/1418-NW-11th-St-97330/home/25926939,WVMLS,720072,N,Y,44.5800894,-123.2638242
PAST SALE,April-17-2017,Single Family Residential,515 NW 4th,Corvallis,OR,97330,299000,3,2.0,Dixon's 2nd,1289,5227,1921,363,232,,Sold,,,http://www.redfin.com/OR/Corvallis/515-NW-4th-St-97330/home/25729383,WVMLS,711324,N,Y,44.5687606,-123.2595524
PAST SALE,July-21-2017,Single Family Residential,1230 NW 10th,Corvallis,OR,97330,290000,3,2.0,Corvallis,1190,6970,1956,268,244,,Sold,,,http://www.redfin.com/OR/Corvallis/1230-NW-10th-St-97330/home/25900337,WVMLS,717032,N,Y,44.5780638,-123.262851
PAST SALE,October-5-2017,Single Family Residential,812 NW 12th,Corvallis,OR,97330,205000,2,1.0,Corvallis,840,4792,1941,192,244,,Sold,,,http://www.redfin.com/OR/Corvallis/812-NW-12th-St-97330/unit-828/home/25902919,WVMLS,724418,N,Y,44.5736317,-123.2671537
PAST SALE,,Single Family Residential,1368 NW Dream Pl,Corvallis,OR,97330,110820,4,2.0,,1304,3485,1996,,85,,,,,http://www.redfin.com/OR/Corvallis/1368-NW-Dream-Pl-97330/home/25913466,,,N,Y,44.5787413,-123.2739998
PAST SALE,June-14-2017,Single Family Residential,1524 NW Forestgreen,Corvallis,OR,97330,350000,3,2.0,Timber Hill SE 1st,1819,9148,1975,305,192,,Sold,,,http://www.redfin.com/OR/Corvallis/1524-NW-Forestgreen-Ave-97330/home/25914950,WVMLS,717625,N,Y,44.5898401,-123.2699551
PAST SALE,October-20-2017,Single Family Residential,1018 NW 9th,Corvallis,OR,97330-6145,235000,3,1.0,Corvallis,1309,11326,1952,177,180,,Sold,,,http://www.redfin.com/OR/Corvallis/1018-NW-9th-St-97330/home/25915112,WVMLS,723243,N,Y,44.5749394,-123.2628899
PAST SALE,December-22-2017,Single Family Residential,1430 NW Greeley,Corvallis,OR,97330-4655,392500,4,2.0,North Gate Estates 8th Ad,2224,8712,1966,114,176,,Sold,,,http://www.redfin.com/OR/Corvallis/1430-NW-Greeley-Ave-97330/home/25916730,WVMLS,725459,N,Y,44.5804597,-123.2687307
PAST SALE,October-11-2017,Single Family Residential,2362 NW Fairlawn,Corvallis,OR,97330-1504,300000,3,2.0,Ironwood 1st,1040,9148,1977,186,288,,Sold,,,http://www.redfin.com/OR/Corvallis/2362-NW-Fairlawn-St-97330/home/25918422,WVMLS,723280,N,Y,44.5918825,-123.2581806
PAST SALE,July-14-2017,Single Family Residential,1384 NW Dream Pl,Corvallis,OR,97330,276000,3,1.0,Habitat Place,1100,3920,1996,275,251,,Sold,,,http://www.redfin.com/OR/Corvallis/1384-NW-Dream-Pl-97330/home/25920671,WVMLS,718671,N,Y,44.5791256,-123.2742762
PAST SALE,,Single Family Residential,1350 NW 19th St,Corvallis,OR,97330,282000,4,2.0,,1712,8276,1952,,165,,,,,http://www.redfin.com/OR/Corvallis/1350-NW-19th-St-97330/home/25922817,,,N,Y,44.5791209,-123.2734282
PAST SALE,September-18-2017,Single Family Residential,1620 NW Arthur,Corvallis,OR,97330,275000,3,2.0,Harmon,1281,9148,1963,209,215,,Sold,,,http://www.redfin.com/OR/Corvallis/1620-NW-Arthur-Cir-97330/home/25922653,WVMLS,721520,N,Y,44.5848449,-123.2727332
PAST SALE,July-7-2017,Single Family Residential,1182 NW 10th,Corvallis,OR,97330,285000,5,2.0,Corvallis,1682,8276,1946,282,169,,Sold,,,http://www.redfin.com/OR/Corvallis/1182-NW-10th-St-97330/home/25923624,WVMLS,708361,N,Y,44.5773744,-123.2628583
PAST SALE,,Single Family Residential,1210 NW Garfield Ave,Corvallis,OR,97330,279100,3,1.5,,1310,10019,1956,,213,,,,,http://www.redfin.com/OR/Corvallis/1210-NW-Garfield-Ave-97330/home/25925262,,,N,Y,44.5828678,-123.2650856
PAST SALE,August-16-2016,Single Family Residential,1137 NW Dixon,Corvallis,OR,97330,225000,,4.0,Buchanan,2264,12197,1962,607,99,,Sold,,,http://www.redfin.com/OR/Corvallis/1137-NW-Dixon-St-97330/home/25929420,WVMLS,700060,N,Y,44.577044,-123.2654058
PAST SALE,August-24-2017,Single Family Residential,2130 NW 14th,Corvallis,OR,97330,310000,3,2.0,Harman 4th,1308,9148,1965,234,237,,Sold,,,http://www.redfin.com/OR/Corvallis/2130-NW-14th-St-97330/home/25928613,WVMLS,720872,N,Y,44.589118,-123.2685852
PAST SALE,,Single Family Residential,1810 NW Menlo Dr,Corvallis,OR,97330,282000,3,1.5,,1202,8712,1961,,235,,,,,http://www.redfin.com/OR/Corvallis/1810-NW-Menlo-Dr-97330/home/25932440,,,N,Y,44.5867112,-123.2706205
PAST SALE,,Single Family Residential,429 NW 7th St,Corvallis,OR,97330,245000,2,1.5,,2050,5227,1929,,120,,,,,http://www.redfin.com/OR/Corvallis/429-NW-7th-St-97330/home/25921470,,,N,Y,44.5690136,-123.26297
PAST SALE,October-13-2017,Single Family Residential,934 NW Oak,Corvallis,OR,97330-1521,300000,3,2.0,Ironwood 2nd,1238,6534,1978,184,242,,Sold,,,http://www.redfin.com/OR/Corvallis/934-NW-Oak-Ave-97330/home/25907512,WVMLS,725848,N,Y,44.592927,-123.2608494
PAST SALE,December-1-2017,Single Family Residential,1220 NW 18th,Corvallis,OR,97330-2622,371000,3,2.0,Tinkham Tracts Annex,2120,9148,1957,135,175,,Sold,,,http://www.redfin.com/OR/Corvallis/1220-NW-18th-St-97330/home/25929344,WVMLS,725283,N,Y,44.5775235,-123.2723837
PAST SALE,August-11-2017,Single Family Residential,837 NW 10th,Corvallis,OR,97330,375000,4,2.0,Corvallis,1934,7841,1955,247,194,,Sold,,,http://www.redfin.com/OR/Corvallis/837-NW-10th-St-97330/home/25919983,WVMLS,722839,N,Y,44.573276,-123.2646351
PAST SALE,,Single Family Residential,935 NW Beca Ave,Corvallis,OR,97330,240000,3,2.0,,1187,5663,1956,,202,,,,,http://www.redfin.com/OR/Corvallis/935-NW-Beca-Ave-97330/home/25900395,,,N,Y,44.5784824,-123.2620674
PAST SALE,August-31-2017,Single Family Residential,2210 NW Kings,Corvallis,OR,97330,275000,3,1.0,Harman 6th,1035,7841,1967,227,266,,Sold,,,http://www.redfin.com/OR/Corvallis/2210-NW-Kings-Blvd-97330/home/25924710,WVMLS,721390,N,Y,44.5892158,-123.2762939
PAST SALE,July-31-2017,Single Family Residential,1544 NW 12th,Corvallis,OR,97330,334900,4,2.0,Gathercoal,1805,10019,1956,258,186,,Sold,,,http://www.redfin.com/OR/Corvallis/1544-NW-12th-St-97330/home/25897252,WVMLS,724406,N,Y,44.5826339,-123.2650589
